,p_val,avg_log2FC,pct.1,pct.2,p_val_adj,cluster,gene
1,6.13E-16,0.235358825,0.997,0.979,1.72E-13,0,CD55.GCTCATTACCCATTA
2,1.75E-83,0.354955732,1,0.952,4.91E-81,1,CD284..TLR4..GCTTAGCTGTATCCG
3,2.58E-70,0.374291777,0.99,0.846,7.26E-68,1,CD307d..FcRL4..CGATTTGATCTGCCT
4,1.72E-69,0.388525088,1,0.876,4.83E-67,1,CD158d..KIR2DL4..TTAGCCCGTAGACCA
5,2.45E-69,0.428896647,0.965,0.672,6.88E-67,1,KLRG1..MAFA..CTTATTTCCTGCCCT
6,2.47E-62,0.369183104,0.968,0.751,6.95E-60,1,CD223..LAG.3..CATTTGTCTGCCGGT
7,4.80E-60,0.373919841,0.994,0.763,1.35E-57,1,CD158b..KIR2DL2-L3-..NKAT2..GACCCGTAGTTTGAT
9,6.09E-53,0.384293609,0.882,0.554,1.71E-50,1,CD336..NKp44..GGGCAATTAGCGAGT
10,3.19E-52,0.352024219,0.955,0.687,8.97E-50,1,CD205..DEC.205..CTATCGTTTGATGCA
11,8.03E-46,0.346209851,0.978,0.769,2.26E-43,1,MERTK.TCCTGCATGTACCCA
12,6.63E-99,0.754745851,0.997,0.908,1.86E-96,3,HLA.DR-.DP-.DQ.AGCTACGAGCAGTAG
13,2.34E-87,0.656854175,0.955,0.69,6.56E-85,3,CD206..MMR..TCAGAACGTCTAACT
14,2.43E-74,0.579962906,0.986,0.886,6.83E-72,3,CD169..Sialoadhesin-Siglec.1..TACTCAGCGTGTTTG
15,2.06E-70,0.51550885,0.976,0.841,5.78E-68,3,CD32.GCTTCCGAATTACCG
16,2.13E-69,0.391643187,1,0.991,5.98E-67,3,CD90..Thy1..GCATTGTACGATTCA
17,3.39E-54,0.396194595,0.762,0.383,9.53E-52,3,b2.microglobulin.CAGCCCGATTAAGGT
18,2.72E-49,0.280573514,1,0.974,7.64E-47,3,CD81..TAPA.1..GTATCCTTCCTTGGC
19,1.26E-41,0.268895731,0.997,0.953,3.55E-39,3,CD99.ACCCGTCCCTAAGAA
20,1.81E-37,0.303418001,0.99,0.919,5.08E-35,3,CD34.GCAGAAATCTCCCTT
21,1.18E-31,0.282194822,1,0.952,3.33E-29,3,CD9.GAGTCACCAATCTGC
22,2.60E-120,0.698411025,1,0.944,7.32E-118,4,CD340..erbB2-HER.2..CTGTAGCCGCCTATT
23,1.76E-113,0.75297071,0.973,0.651,4.94E-111,4,CD321.GACAGTACCGACACT
25,8.70E-111,0.811105143,0.969,0.575,2.45E-108,4,GPR56.GCCTAGTTTCCGTTT
26,3.24E-110,0.594825544,0.996,0.952,9.12E-108,4,CD164.GAGGCACTTAACATA
27,6.46E-104,0.789554826,0.935,0.438,1.81E-101,4,CD49b.GCTTTCTTCAGTATG
28,3.94E-103,0.947681399,0.958,0.629,1.11E-100,4,CD71.CCGTGTTCCTCATTA
29,4.24E-96,0.685583221,0.981,0.75,1.19E-93,4,EGFR.GCTTAACATTGGCAC
30,4.72E-90,0.580086162,0.985,0.636,1.33E-87,4,CD324..E.Cadherin..ATCCTTCTCCCTTTC
31,2.29E-66,0.589895077,0.874,0.484,6.43E-64,4,CD146.CCTTGGATAACATCA
32,8.23E-104,1.122275082,1,0.788,2.31E-101,5,IgM.TAGCGAGCCCGTATA
33,6.71E-102,0.561468438,1,1,1.89E-99,5,Ig.light.chain.k.AGCTCAGCCAGTATG
34,1.37E-101,0.573948524,1,1,3.85E-99,5,IgG.Fc.CTGGAGCGATTAGAA
35,2.77E-101,0.452206645,1,1,7.77E-99,5,Ig.light.chain.Lambda.CAGCCAGTAAGTCAC
36,6.84E-92,1.132976914,1,0.645,1.92E-89,5,CD235ab.GCTCCTTTACACGTA
37,2.04E-75,0.690140357,1,0.741,5.73E-73,5,CD235a..Glycophorin.A..AGAGTATGTATGGGA
38,6.12E-55,0.52217286,0.92,0.45,1.72E-52,5,CD35.ACTTCCGTCGATCTT
39,3.31E-47,0.29157324,0.722,0.224,9.31E-45,5,IgD.CAGTCTCCGTAGAGT
40,2.29E-31,0.32456431,0.994,0.758,6.45E-29,5,CD303..BDCA.2..GAGATGTCCGAATTT
41,1.01E-29,0.312251727,0.972,0.763,2.84E-27,5,CD62E.CTCCCTGTGGCTTAA
